{"cameraMode":{"drawMode":0,"name":"Shaded","section":"Shading Mode"},"sceneLighting":true,"audioPlay":false,"sceneViewState":{"m_AlwaysRefresh":false,"showFog":true,"showSkybox":true,"showFlares":true,"showImageEffects":true,"showParticleSystems":true,"showVisualEffectGraphs":true,"m_FxEnabled":true},"in2DMode":false,"pivot":{"x":449.86761474609377,"y":133.04624938964845,"z":-714.2583618164063},"rotation":{"x":-0.20959366858005525,"y":-0.05627942085266113,"z":0.01206374354660511,"w":-0.9761152863502502},"size":12.846512794494629,"orthographic":false}