{"cameraMode":{"drawMode":0,"name":"Shaded","section":"Shading Mode"},"sceneLighting":false,"audioPlay":false,"sceneViewState":{"m_AlwaysRefresh":false,"showFog":true,"showSkybox":false,"showFlares":true,"showImageEffects":true,"showParticleSystems":true,"showVisualEffectGraphs":true,"m_FxEnabled":true},"in2DMode":false,"pivot":{"x":985.0025024414063,"y":639.8900146484375,"z":829.753662109375},"rotation":{"x":0.4510914981365204,"y":0.005359139293432236,"z":-0.0027085551992058756,"w":0.8924596905708313},"size":0.5851340293884277,"orthographic":false}