{"cameraMode":{"drawMode":0,"name":"Shaded","section":"Shading Mode"},"sceneLighting":false,"audioPlay":false,"sceneViewState":{"showFog":true,"showMaterialUpdate":false,"showSkybox":false,"showFlares":true,"showImageEffects":true,"showParticleSystems":true},"in2DMode":false,"pivot":{"x":-1.2031176090240479,"y":-0.0455164909362793,"z":-211.5972137451172},"rotation":{"x":-0.22064492106437684,"y":0.7521629333496094,"z":-0.30761298537254336,"w":-0.5395532250404358},"size":2.142603874206543,"orthographic":false}